{
  "all": {
    "r2": 0.9695479003497455,
    "mse": 1790608.4532091839,
    "mae": 1032.4386636651507
  },
  "winter": {
    "r2": 0.9749432071726672,
    "mse": 1672696.7153298638,
    "mae": 1019.3868176502787
  },
  "spring": {
    "r2": 0.96796082795821,
    "mse": 2083379.7576505,
    "mae": 1141.9780588761294
  },
  "summer": {
    "r2": 0.959445802587807,
    "mse": 2117966.296059464,
    "mae": 1096.1724457125374
  },
  "autumn": {
    "r2": 0.9510475992454334,
    "mse": 1213351.286545538,
    "mae": 841.407028937089
  }
}