{
  "all": {
    "r2": 0.9682959361116205,
    "mse": 1864224.9779693559,
    "mae": 1032.185181555042
  },
  "winter": {
    "r2": 0.9746285246669905,
    "mse": 1693703.7291661748,
    "mae": 1018.3702552746813
  },
  "spring": {
    "r2": 0.9672478296108493,
    "mse": 2129743.200569439,
    "mae": 1109.2130076948417
  },
  "summer": {
    "r2": 0.9578845611083374,
    "mse": 2199503.0307140206,
    "mae": 1135.2693085702183
  },
  "autumn": {
    "r2": 0.9507819678943379,
    "mse": 1219935.3179031524,
    "mae": 852.8131838507403
  }
}