{
  "all": {
    "r2": 0.9677130902992725,
    "mse": 1898496.7901101955,
    "mae": 1071.5113463755624
  },
  "winter": {
    "r2": 0.9752876057864658,
    "mse": 1649705.966512382,
    "mae": 1014.1161258459395
  },
  "spring": {
    "r2": 0.9632859301446351,
    "mse": 2387369.7440703367,
    "mae": 1187.7686891707456
  },
  "summer": {
    "r2": 0.9583771095487275,
    "mse": 2173779.40498622,
    "mae": 1125.6599161803463
  },
  "autumn": {
    "r2": 0.9529459657848898,
    "mse": 1166297.7110828552,
    "mae": 834.454610916941
  }
}